split,policy,pool_idx,sample_id,reward,r_ttc,r_approach,r_risk,criticality,constraint,c_lane,c_trivial,ego_collision,ego_fault_collision,init_invalid,goal_offlane_frac,controlled_parking_frac,ego_min_ttc,ego_adv_min_dist,ego_adv_init_dist,ego_adv_min_dist_warmup,adv_type,adv_x,adv_y,adv_speed,adv_length,adv_width,adv_goal_dist,adv_dist_to_ego,adv_in_fov,adv_small_vehicle
val,base,10734,0,1.0,0.9666666388511658,0.8239421844482422,0.9941313862800598,1.2941313982009888,0.0,0.0,0.0,1.0,0.0,0.0,0.0,0.0,0.10000000149011612,2.913407802581787,18.399932861328125,2.913407802581787,0,-3.711446762084961,18.034046173095703,0.5366697907447815,4.619663238525391,2.0638725757598877,13.145707130432129,18.399932861328125,True,False
train,base,23203,2,1.0,0.9666666388511658,0.7881925702095032,0.9929397702217102,1.2929397821426392,0.0,0.0,0.0,1.0,1.0,0.0,0.0,0.0,0.10000000149011612,3.371870517730713,27.19249725341797,3.371870517730713,0,-10.190200805664062,25.245498657226562,1.1038247346878052,0.8505274057388306,0.8627142906188965,23.923582077026367,27.19249725341797,True,True
train,base,37725,0,1.0,0.9666666388511658,0.7762426733970642,0.9925414323806763,1.29254150390625,0.07564470171928406,0.07564470171928406,0.0,1.0,1.0,0.0,0.0,0.0,0.10000000149011612,3.5121803283691406,18.90165138244629,3.5121803283691406,0,-12.90597915649414,13.807594299316406,1.993892788887024,4.572068691253662,2.0602593421936035,11.186860084533691,18.901649475097656,True,False
train,base,24366,1,1.0,0.9666666388511658,0.7742063403129578,0.9924735426902771,1.292473554611206,0.0,0.0,0.0,1.0,0.0,0.0,0.0,0.0,0.10000000149011612,3.5355663299560547,30.063100814819336,3.5355663299560547,0,-11.558818817138672,27.754798889160156,1.5927232503890991,4.155340671539307,2.0084149837493896,11.376251220703125,30.063100814819336,True,False
train,base,15927,6,1.0,0.9666666388511658,0.7715964317321777,0.992386519908905,1.292386531829834,0.0,0.0,0.0,1.0,1.0,0.0,0.0,0.0,0.10000000149011612,3.565302610397339,20.61225700378418,3.565302610397339,0,11.013832092285156,17.405319213867188,0.8512084484100342,4.85667610168457,2.128894567489624,15.0508451461792,20.61225700378418,True,False
train,base,17043,4,1.0,0.9666666388511658,0.7712550163269043,0.9923751354217529,1.0571751594543457,0.0,0.0,0.0,1.0,1.0,0.0,0.0,0.0,0.10000000149011612,3.48154878616333,10.096466064453125,3.48154878616333,0,-0.3346996307373047,10.083740234375,0.3697424829006195,5.277774333953857,2.358916997909546,10.83612060546875,10.096466064453125,True,False
val,base,4609,6,1.0,0.9666666388511658,0.7708003520965576,0.99235999584198,1.2923600673675537,0.0,0.0,0.0,1.0,0.0,0.0,0.0,0.0,0.10000000149011612,3.5469179153442383,11.313811302185059,3.5469179153442383,0,7.217578887939453,8.638130187988281,0.10901019722223282,4.365158557891846,2.0495338439941406,4.254095077514648,11.313810348510742,True,False
train,base,10613,3,1.0,0.9666666388511658,0.7684634923934937,0.9922820925712585,1.2922821044921875,0.0,0.0,0.0,1.0,1.0,0.0,0.0,0.0,0.10000000149011612,3.5798721313476562,11.61077880859375,3.5798721313476562,0,-3.575925827026367,-11.034175872802734,9.784675598144531,4.631749153137207,2.1159350872039795,27.223173141479492,11.610777854919434,True,False
val,base,37234,6,1.0,0.9666666388511658,0.7680467367172241,0.9922682046890259,1.2922682762145996,0.0,0.0,0.0,1.0,1.0,0.0,0.0,0.0,0.10000000149011612,3.60537052154541,33.777347564697266,3.60537052154541,0,-32.0,10.946640014648438,12.077820777893066,0.8652421832084656,0.8601773381233215,62.222999572753906,33.777347564697266,True,True
val,base,965,6,1.0,0.9666666388511658,0.7664848566055298,0.992216169834137,1.292216181755066,0.0,0.0,0.0,1.0,0.0,0.0,0.0,0.0,0.10000000149011612,3.6228644847869873,29.447683334350586,3.6228644847869873,0,-11.08438491821289,27.281753540039062,0.25468695163726807,4.705489635467529,2.152167320251465,6.101107120513916,29.447683334350586,True,False
val,base,2964,7,1.0,0.9666666388511658,0.7526258826255798,0.9917541742324829,1.2917542457580566,0.0,0.0,0.0,1.0,0.0,0.0,0.0,0.0,0.10000000149011612,3.769547462463379,13.134808540344238,3.769547462463379,0,-8.542852401733398,10.041732788085938,0.39019742608070374,4.632626056671143,2.1093525886535645,4.999763011932373,13.134808540344238,True,False
val,base,19877,2,1.0,0.9666666388511658,0.7510020732879639,0.9917000532150269,1.2917001247406006,0.0,0.0,0.0,1.0,1.0,0.0,0.0,0.0,0.10000000149011612,3.7920596599578857,19.196807861328125,3.7920596599578857,0,9.54315185546875,16.615234375,0.9830536246299744,5.719188690185547,2.397202491760254,22.135478973388672,19.196807861328125,True,False
train,base,3444,6,1.0,0.9666666388511658,0.7494038343429565,0.9916467666625977,1.2916467189788818,0.0,0.0,0.0,1.0,0.0,0.0,0.0,0.0,0.10000000149011612,3.809129476547241,30.872404098510742,3.809129476547241,0,-27.988195419311523,13.15517807006836,8.362854957580566,5.060451507568359,2.1969611644744873,16.04578399658203,30.872404098510742,True,False
val,base,30598,0,1.0,0.9666666388511658,0.7477852702140808,0.9915928244590759,1.2915928363800049,0.0,0.0,0.0,1.0,0.0,0.0,0.0,0.0,0.10000000149011612,3.8263301849365234,26.159194946289062,3.8263301849365234,0,9.94561767578125,24.158462524414062,1.9790854454040527,5.280092716217041,2.3584561347961426,12.533537864685059,26.159194946289062,True,False
val,base,30598,3,1.0,0.9666666388511658,0.7412846088409424,0.9913761615753174,1.2913761138916016,0.0,0.0,0.0,1.0,1.0,0.0,0.0,0.0,0.10000000149011612,3.8946874141693115,24.68889808654785,3.8946874141693115,0,15.219841003417969,19.386276245117188,7.495832443237305,7.785046577453613,2.97920298576355,16.754789352416992,24.68889808654785,True,False
train,base,7434,1,1.0,0.9666666388511658,0.7287383675575256,0.9909579157829285,1.2909579277038574,0.0,0.0,0.0,1.0,0.0,0.0,0.0,0.0,0.10000000149011612,4.023537635803223,32.87253189086914,4.023537635803223,0,-9.235267639160156,31.55571746826172,1.5320521593093872,5.805709362030029,2.457350730895996,27.694421768188477,32.87253189086914,True,False
val,base,12354,4,1.0,0.9666666388511658,0.7282641530036926,0.990942120552063,1.2909421920776367,0.005481261759996414,0.005481261759996414,0.0,1.0,0.0,0.0,0.0,0.0,0.10000000149011612,4.0153117179870605,12.354046821594238,4.0153117179870605,0,7.440700531005859,9.804920196533203,0.42182502150535583,4.633429050445557,2.0800747871398926,15.889572143554688,12.354046821594238,True,False
val,base,30207,4,1.0,0.9666666388511658,0.7245460152626038,0.990818202495575,1.290818214416504,0.0,0.0,0.0,1.0,1.0,0.0,0.0,0.0,0.10000000149011612,4.065672874450684,17.50387191772461,4.065672874450684,0,-6.0854644775390625,16.407188415527344,0.35890302062034607,4.463845729827881,2.0315349102020264,11.666205406188965,17.50387191772461,True,False
val,base,27312,0,1.0,0.9666666388511658,0.719305694103241,0.9906435012817383,1.2906434535980225,0.0,0.0,0.0,1.0,0.0,0.0,0.0,0.0,0.10000000149011612,4.117959022521973,24.238088607788086,4.117959022521973,0,18.315536499023438,15.802749633789062,2.047889471054077,4.327159404754639,2.04784893989563,19.81696891784668,24.23809051513672,True,False
train,base,34298,3,1.0,0.9666666388511658,0.7167733311653137,0.9905591011047363,1.2905590534210205,0.0,0.0,0.0,1.0,0.0,0.0,0.0,0.0,0.10000000149011612,4.142919063568115,17.88640022277832,4.142919063568115,0,-8.084400177001953,15.90493392944336,6.967812538146973,4.586294651031494,2.074573040008545,23.636377334594727,17.88640022277832,True,False
val,base,19076,1,1.0,0.9666666388511658,0.7124341726303101,0.9904144406318665,1.2904144525527954,0.0,0.0,0.0,1.0,0.0,0.0,0.0,0.0,0.10000000149011612,4.185528755187988,28.033037185668945,4.185528755187988,0,-27.63854217529297,4.644435882568359,7.790674209594727,4.998125076293945,2.21519136428833,30.465351104736328,28.033037185668945,True,False
train,base,5331,3,1.0,0.9666666388511658,0.7107014060020447,0.9903566837310791,1.2903566360473633,0.0,0.0,0.0,1.0,1.0,0.0,0.0,0.0,0.10000000149011612,4.1450581550598145,10.94308090209961,4.1450581550598145,0,0.5016746520996094,10.949813842773438,2.0400965213775635,0.8780882358551025,0.8662537932395935,20.611312866210938,10.94308090209961,True,True
train,base,34167,4,1.0,0.9666666388511658,0.7097643613815308,0.9903254508972168,1.290325403213501,0.0,0.0,0.0,1.0,0.0,0.0,0.0,0.0,0.10000000149011612,4.211510181427002,19.629915237426758,4.211510181427002,0,-3.8651962280273438,19.259437561035156,8.109047889709473,4.280892848968506,1.991284728050232,12.203437805175781,19.629915237426758,True,False
train,base,19755,6,1.0,0.9666666388511658,0.7077862620353699,0.9902595281600952,1.290259599685669,0.0,0.0,0.0,1.0,1.0,0.0,0.0,0.0,0.10000000149011612,4.230686664581299,28.48642349243164,4.230686664581299,0,5.061840057373047,27.995243072509766,0.5652509331703186,4.410163879394531,2.04343581199646,3.380530834197998,28.48642349243164,True,False
train,base,8073,0,1.0,0.9666666388511658,0.7014057040214539,0.9900468587875366,1.2900469303131104,0.0,0.0,0.0,1.0,0.0,0.0,0.0,0.0,0.10000000149011612,4.291998863220215,30.183622360229492,4.291998863220215,0,11.105274200439453,28.030479431152344,0.512709379196167,5.28395414352417,2.3549437522888184,13.693826675415039,30.183622360229492,True,False
val,base,18851,1,1.0,0.9666666388511658,0.6991072297096252,0.9899702072143555,1.2899701595306396,0.18339721858501434,0.18339721858501434,0.0,1.0,1.0,0.0,0.0,0.0,0.10000000149011612,4.154871463775635,9.903926849365234,4.154871463775635,0,3.195911407470703,9.33896255493164,5.744199275970459,0.9064883589744568,0.8693198561668396,22.037153244018555,9.903926849365234,True,True
val,base,22639,0,1.0,0.9666666388511658,0.6986148357391357,0.9899538159370422,1.2899538278579712,0.0,0.0,0.0,1.0,1.0,0.0,0.0,0.0,0.10000000149011612,4.318579196929932,35.51645278930664,4.318579196929932,0,25.68767547607422,24.31842803955078,10.28404712677002,0.8968786597251892,0.8814713358879089,34.7226676940918,35.51645278930664,True,True
train,base,19785,7,1.0,0.9666666388511658,0.689051628112793,0.9896350502967834,1.2896350622177124,0.0,0.0,0.0,1.0,1.0,0.0,0.0,0.0,0.10000000149011612,4.408579349517822,18.345870971679688,4.408579349517822,0,-11.293907165527344,14.411567687988281,5.246640682220459,4.5657057762146,2.0291075706481934,41.030120849609375,18.345870971679688,True,False
train,base,5290,7,1.0,0.9666666388511658,0.685042679309845,0.989501416683197,1.289501428604126,0.0,0.0,0.0,1.0,1.0,0.0,0.0,0.0,0.10000000149011612,4.445911884307861,26.85045623779297,4.445911884307861,0,-11.61618423461914,24.16635513305664,0.20616088807582855,5.001228332519531,2.2270946502685547,12.279298782348633,26.85045623779297,True,False
train,base,34159,4,1.0,0.9666666388511658,0.6842339634895325,0.9894744753837585,1.2894744873046875,0.0,0.0,0.0,1.0,1.0,0.0,0.0,0.0,0.10000000149011612,4.122951507568359,9.108335494995117,4.122951507568359,0,3.3544998168945312,8.44705581665039,7.217494487762451,0.8690330386161804,0.8637434840202332,22.789897918701172,9.108335494995117,True,True
train,base,2580,5,1.0,0.9666666388511658,0.6834680438041687,0.9894489049911499,1.2894489765167236,0.021394431591033936,0.021394431591033936,0.0,1.0,1.0,0.0,0.0,0.0,0.10000000149011612,4.460453987121582,18.570960998535156,4.460453987121582,0,-17.485910415649414,6.371238708496094,11.66465950012207,5.944647789001465,2.4956815242767334,45.61309814453125,18.570960998535156,True,False
train,base,5548,1,1.0,0.9666666388511658,0.6756374835968018,0.9891878962516785,1.2891879081726074,0.0,0.0,0.0,1.0,0.0,0.0,0.0,0.0,0.10000000149011612,4.532410144805908,24.625919342041016,4.532410144805908,0,11.422134399414062,21.807449340820312,1.2383049726486206,5.630894184112549,2.543684720993042,20.130983352661133,24.62592124938965,True,False
train,base,30180,2,1.0,0.9666666388511658,0.6691278219223022,0.988970935344696,1.288970947265625,0.0,0.0,0.0,1.0,1.0,0.0,0.0,0.0,0.10000000149011612,4.5915141105651855,26.35820960998535,4.5915141105651855,0,-24.456262588500977,9.92197036743164,10.864859580993652,5.278522491455078,2.355670928955078,56.10905838012695,26.35820960998535,True,False
val,base,25691,2,1.0,0.9666666388511658,0.6677172183990479,0.9889239072799683,1.288923978805542,0.0,0.0,0.0,1.0,1.0,0.0,0.0,0.0,0.10000000149011612,4.601400852203369,14.259533882141113,4.601400852203369,0,11.664569854736328,8.158721923828125,3.2244319915771484,5.280373573303223,2.35837459564209,14.32006549835205,14.259533882141113,True,False
val,base,23829,6,1.0,0.9666666388511658,0.6665164828300476,0.9888838529586792,1.288883924484253,0.25939616560935974,0.25939616560935974,0.0,1.0,1.0,0.0,0.0,0.0,0.10000000149011612,4.60530948638916,13.028207778930664,4.60530948638916,0,-10.618148803710938,7.639148712158203,1.1169524192810059,4.9012227058410645,2.1426780223846436,16.86281394958496,13.028207778930664,True,False
val,base,2502,7,1.0,0.9666666388511658,0.6573991179466248,0.9885799884796143,1.2885799407958984,0.0,0.0,0.0,1.0,1.0,0.0,0.0,0.0,0.10000000149011612,4.458804607391357,9.679387092590332,4.458804607391357,0,0.02280426025390625,9.678146362304688,3.296717882156372,0.8761200308799744,0.8757971525192261,22.004281997680664,9.679387092590332,True,True
val,base,12974,3,1.0,0.9666666388511658,0.6542165875434875,0.9884738922119141,1.2884738445281982,0.0,0.0,0.0,1.0,1.0,0.0,0.0,0.0,0.10000000149011612,4.724745750427246,21.331972122192383,4.724745750427246,0,8.494972229003906,19.52435302734375,6.241547107696533,4.714122772216797,2.1271896362304688,23.080894470214844,21.331972122192383,True,False
val,base,33875,6,1.0,0.9666666388511658,0.6510264277458191,0.9883675575256348,1.288367509841919,0.0,0.0,0.0,1.0,0.0,0.0,0.0,0.0,0.10000000149011612,4.75289249420166,31.34149932861328,4.75289249420166,0,23.216087341308594,20.989707946777344,6.189688682556152,4.822950839996338,2.1856255531311035,26.34468650817871,31.34149742126465,True,False
train,base,23739,2,1.0,0.9666666388511658,0.6480883359909058,0.9882696270942688,1.2882696390151978,0.0,0.0,0.0,1.0,1.0,0.0,0.0,0.0,0.10000000149011612,4.425009250640869,9.230232238769531,4.425009250640869,0,3.2748985290527344,8.589454650878906,3.4108996391296387,4.807732582092285,2.1984808444976807,22.997194290161133,9.230232238769531,True,False
val,base,32065,2,1.0,0.9666666388511658,0.6448847651481628,0.9881628155708313,1.2881628274917603,8.740924386074767e-05,8.740924386074767e-05,0.0,1.0,1.0,0.0,0.0,0.0,0.10000000149011612,4.646931171417236,10.221197128295898,4.646931171417236,0,-4.414224624633789,9.2236328125,6.067421913146973,5.023561954498291,2.232208728790283,16.181447982788086,10.221197128295898,True,False
val,base,21361,4,1.0,0.9666666388511658,0.6440469622612,0.9881348609924316,1.2881348133087158,0.0,0.0,0.0,1.0,1.0,0.0,0.0,0.0,0.10000000149011612,4.814049243927002,20.77724266052246,4.814049243927002,0,0.8549919128417969,20.734825134277344,0.36569979786872864,4.503501892089844,2.039135694503784,10.572888374328613,20.77724266052246,True,False
val,base,36792,5,1.0,0.9666666388511658,0.6408838629722595,0.9880294799804688,1.2796294689178467,0.0,0.0,0.0,1.0,1.0,0.0,0.0,0.0,0.10000000149011612,4.841465950012207,17.51402473449707,4.841465950012207,0,2.5569419860839844,17.30731201171875,0.27954158186912537,4.682453155517578,2.0889928340911865,6.575464248657227,17.51402473449707,True,False
train,base,15927,5,1.0,0.9666666388511658,0.6367383003234863,0.9878912568092346,1.2878912687301636,0.0,0.0,0.0,1.0,1.0,0.0,0.0,0.0,0.10000000149011612,4.877527713775635,21.5721378326416,4.877527713775635,0,0.2947235107421875,21.5645751953125,6.9971418380737305,4.676049709320068,2.1341824531555176,10.007966041564941,21.5721378326416,True,False
train,base,34902,4,1.0,0.9666666388511658,0.6366420388221741,0.9878880381584167,1.2878880500793457,0.0,0.0,0.0,1.0,1.0,0.0,0.0,0.0,0.10000000149011612,4.684818744659424,10.046494483947754,4.684818744659424,0,-6.224550247192383,-7.884599685668945,6.074636936187744,4.3819451332092285,2.041415214538574,16.76426124572754,10.046494483947754,True,False
train,base,37006,3,1.0,0.9666666388511658,0.631183385848999,0.9877061247825623,1.279306173324585,0.0,0.0,0.0,1.0,1.0,0.0,0.0,0.0,0.10000000149011612,4.91859769821167,13.599191665649414,4.91859769821167,0,-6.673389434814453,11.881553649902344,21.051742553710938,4.676735877990723,2.1091198921203613,10.667628288269043,13.599191665649414,True,False
val,base,14487,7,1.0,0.9666666388511658,0.6305174827575684,0.987683892250061,1.2876839637756348,0.0,0.0,0.0,1.0,1.0,0.0,0.0,0.0,0.10000000149011612,4.931124687194824,29.709028244018555,4.931124687194824,0,-9.21043586730957,28.225204467773438,0.527132511138916,4.636534214019775,2.0965592861175537,9.431328773498535,29.709028244018555,True,False
train,base,6470,0,1.0,0.9666666388511658,0.6263222098350525,0.987544059753418,1.2875440120697021,0.0,0.0,0.0,1.0,1.0,0.0,0.0,0.0,0.10000000149011612,4.966802597045898,16.91707420349121,4.966802597045898,0,-15.18674087524414,7.543628692626953,2.3475053310394287,4.695761203765869,2.130173921585083,25.804630279541016,16.91707420349121,True,False
val,base,1674,4,1.0,0.9666666388511658,0.6181676983833313,0.9872722625732422,1.2872722148895264,0.0,0.0,0.0,1.0,1.0,0.0,0.0,0.0,0.10000000149011612,5.036360740661621,18.08879852294922,5.036360740661621,0,-5.975372314453125,17.112709045410156,14.14505672454834,4.704904079437256,2.059558153152466,14.029744148254395,18.08879852294922,True,False
val,base,26537,4,1.0,0.9666666388511658,0.616580069065094,0.9872193336486816,1.2872192859649658,0.0,0.0,0.0,1.0,1.0,0.0,0.0,0.0,0.10000000149011612,5.048048496246338,14.999970436096191,5.048048496246338,0,7.359283447265625,13.013961791992188,13.048579216003418,5.2761311531066895,2.357088327407837,24.0037899017334,14.999970436096191,True,False
val,base,27204,7,1.0,0.9666666388511658,0.6139624714851379,0.9871320724487305,1.2871320247650146,0.0,0.0,0.0,1.0,1.0,0.0,0.0,0.0,0.10000000149011612,4.898442268371582,10.305108070373535,4.898442268371582,0,-3.6767921447753906,9.693519592285156,4.580022811889648,5.015498161315918,2.1916468143463135,17.912052154541016,10.305108070373535,True,False
val,base,31879,6,1.0,0.9333333373069763,0.8043460845947266,0.9869564175605774,1.2869564294815063,0.0,0.0,0.0,1.0,0.0,0.0,0.0,0.0,0.20000000298023224,3.1625261306762695,12.082964897155762,3.1625261306762695,0,-3.499032974243164,11.57474136352539,2.423830509185791,5.2852959632873535,2.3590145111083984,8.663301467895508,12.082965850830078,True,False
val,base,17784,3,1.0,0.9666666388511658,0.595380961894989,0.9865126609802246,1.2865126132965088,0.0,0.0,0.0,1.0,1.0,0.0,0.0,0.0,0.10000000149011612,5.226482391357422,15.725656509399414,5.226482391357422,0,0.08368301391601562,15.73098373413086,5.113513469696045,5.268221855163574,2.2724123001098633,15.752387046813965,15.725656509399414,True,False
train,base,34746,2,1.0,0.9666666388511658,0.5880360007286072,0.9862678647041321,1.286267876625061,0.1955534666776657,0.1955534666776657,0.0,1.0,1.0,0.0,0.0,0.0,0.10000000149011612,5.288295269012451,26.470661163330078,5.288295269012451,0,-12.149051666259766,23.544170379638672,1.757443904876709,4.565968990325928,2.073944568634033,18.151840209960938,26.470661163330078,True,False
val,base,5998,5,1.0,0.9666666388511658,0.5878036022186279,0.9862601161003113,1.2862601280212402,0.0,0.0,0.0,1.0,1.0,0.0,0.0,0.0,0.10000000149011612,5.290155410766602,18.61954689025879,5.290155410766602,0,6.77764892578125,17.299026489257812,1.2234704494476318,4.797760963439941,2.161541700363159,15.705718994140625,18.61954689025879,True,False
val,base,24257,5,1.0,0.9666666388511658,0.5844100117683411,0.9861469864845276,1.2861469984054565,0.0,0.0,0.0,1.0,1.0,0.0,0.0,0.0,0.10000000149011612,5.318192481994629,23.22801399230957,5.318192481994629,0,7.043201446533203,22.125965118408203,0.2707863450050354,4.615139484405518,2.0611608028411865,11.282275199890137,23.228015899658203,True,False
train,base,33851,4,1.0,0.9666666388511658,0.5844044089317322,0.9861468076705933,1.286146879196167,0.0,0.0,0.0,1.0,1.0,0.0,0.0,0.0,0.10000000149011612,5.317819118499756,16.664730072021484,5.317819118499756,0,-4.009227752685547,16.17400360107422,18.16916275024414,5.28048038482666,2.3581786155700684,8.236602783203125,16.664730072021484,True,False
val,base,10238,1,1.0,0.9666666388511658,0.5828876495361328,0.9860962629318237,1.2860963344573975,0.0,0.0,0.0,1.0,1.0,0.0,0.0,0.0,0.10000000149011612,5.315575122833252,13.073664665222168,5.315575122833252,0,-2.4866199493408203,12.85482406616211,11.729743957519531,4.707906723022461,2.1313083171844482,18.465662002563477,13.073665618896484,True,False
val,base,26333,6,1.0,0.9666666388511658,0.5713623762130737,0.9857120513916016,1.2857120037078857,0.0,0.0,0.0,1.0,1.0,0.0,0.0,0.0,0.10000000149011612,5.425129413604736,18.920921325683594,5.425129413604736,0,3.7275848388671875,18.520366668701172,18.652437210083008,1.8679441213607788,0.8779503703117371,12.75467586517334,18.920921325683594,True,True
val,base,15,3,1.0,0.9666666388511658,0.5683144330978394,0.9856104850769043,1.2856104373931885,0.0,0.0,0.0,1.0,1.0,0.0,0.0,0.0,0.10000000149011612,3.5569000244140625,6.581347942352295,3.5569000244140625,0,-3.677621841430664,5.505653381347656,6.717015266418457,5.166050434112549,2.270129442214966,9.52097225189209,6.581347942352295,True,False
val,base,20177,6,1.0,0.9666666388511658,0.5653601884841919,0.9855120182037354,1.2855119705200195,0.0,0.0,0.0,1.0,1.0,0.0,0.0,0.0,0.10000000149011612,5.474108695983887,23.764482498168945,5.474108695983887,0,-14.580886840820312,18.674179077148438,3.266467332839966,5.050069808959961,2.2135753631591797,17.270212173461914,23.764482498168945,True,False
val,base,6408,7,1.0,0.9666666388511658,0.5651907920837402,0.9855063557624817,1.2855063676834106,0.0,0.0,0.0,1.0,1.0,0.0,0.0,0.0,0.10000000149011612,5.340265274047852,10.871869087219238,5.340265274047852,0,-4.300199508666992,9.994499206542969,8.988082885742188,4.55788516998291,2.0539164543151855,21.693544387817383,10.871869087219238,True,False
val,base,13780,1,1.0,0.9666666388511658,0.56409752368927,0.9854698777198792,1.285469889640808,0.0,0.0,0.0,1.0,1.0,0.0,0.0,0.0,0.10000000149011612,5.183981895446777,9.921542167663574,5.183981895446777,0,0.8257942199707031,9.884307861328125,8.124978065490723,4.449662685394287,2.0352652072906494,21.51250648498535,9.921542167663574,True,False
val,base,28952,1,1.0,0.9666666388511658,0.5503431558609009,0.9850113987922668,1.2850114107131958,0.0,0.0,0.0,1.0,1.0,0.0,0.0,0.0,0.10000000149011612,5.595885276794434,25.552011489868164,5.595885276794434,0,-2.494251251220703,25.416793823242188,1.9195226430892944,4.623847961425781,2.0876924991607666,8.289302825927734,25.552011489868164,True,False
train,base,23367,2,1.0,0.9333333373069763,0.772862434387207,0.9848574995994568,1.2848575115203857,0.0,0.0,0.0,1.0,1.0,0.0,0.0,0.0,0.20000000298023224,3.5509092807769775,31.217384338378906,3.5509092807769775,0,26.049217224121094,17.155899047851562,6.248190879821777,5.279082775115967,2.3582849502563477,43.791038513183594,31.217384338378906,True,False
val,base,29792,1,1.0,0.9666666388511658,0.5454404950141907,0.9848480224609375,1.2848479747772217,0.0,0.0,0.0,1.0,1.0,0.0,0.0,0.0,0.10000000149011612,5.608154296875,12.690629005432129,5.608154296875,0,-2.9895572662353516,12.322803497314453,9.112149238586426,5.2755513191223145,2.3552443981170654,16.06046485900879,12.690629005432129,True,False
train,base,34413,0,1.0,0.9666666388511658,0.540916919708252,0.9846972227096558,1.2846972942352295,0.0,0.0,0.0,1.0,1.0,0.0,0.0,0.0,0.10000000149011612,5.671925067901611,21.216358184814453,5.671925067901611,0,7.985927581787109,19.64837646484375,5.028345108032227,5.275267601013184,2.3560938835144043,28.41762351989746,21.216358184814453,True,False
train,base,12752,4,1.0,0.9666666388511658,0.5286280512809753,0.9842875599861145,1.2842875719070435,0.0,0.0,0.0,1.0,1.0,0.0,0.0,0.0,0.10000000149011612,5.309762001037598,9.54041576385498,5.309762001037598,0,1.2907981872558594,9.441818237304688,0.5432455539703369,4.586488723754883,2.0398812294006348,21.380395889282227,9.54041576385498,True,False
train,base,9219,7,1.0,0.9666666388511658,0.5130088925361633,0.9837669730186462,1.2837669849395752,0.0,0.0,0.0,1.0,1.0,0.0,0.0,0.0,0.10000000149011612,5.895905017852783,31.210302352905273,5.895905017852783,0,-3.7368392944335938,30.968490600585938,1.066712737083435,5.2840399742126465,2.360698938369751,8.37320327758789,31.210302352905273,True,False
val,base,636,5,1.0,0.9666666388511658,0.5092611312866211,0.983642041683197,1.283642053604126,0.0,0.0,0.0,1.0,1.0,0.0,0.0,0.0,0.10000000149011612,5.8701324462890625,12.161970138549805,5.8701324462890625,0,-10.965160369873047,5.541130065917969,19.521087646484375,4.713455677032471,2.1553244590759277,38.9444465637207,12.161970138549805,True,False
val,base,32065,7,1.0,0.9666666388511658,0.49512654542922974,0.9831708669662476,1.2831709384918213,0.0,0.0,0.0,1.0,1.0,0.0,0.0,0.0,0.10000000149011612,5.462696552276611,9.39592170715332,5.462696552276611,0,-4.126514434814453,8.432907104492188,7.291388511657715,4.536002159118652,2.099775552749634,23.042993545532227,9.39592170715332,True,False
val,base,35877,2,1.0,0.9333333373069763,0.7357673048973083,0.9823845028877258,1.2823845148086548,0.0,0.0,0.0,1.0,1.0,0.0,0.0,0.0,0.20000000298023224,3.9518325328826904,32.57278060913086,3.9518325328826904,0,-16.30164337158203,28.27777099609375,1.5271730422973633,5.109129428863525,2.2497291564941406,21.702777862548828,32.57278060913086,True,False
train,base,19877,1,1.0,0.9333333373069763,0.7336462736129761,0.9822430610656738,1.282243013381958,0.0,0.0,0.0,1.0,1.0,0.0,0.0,0.0,0.20000000298023224,2.075874090194702,5.710289001464844,2.075874090194702,0,-2.129335403442383,-5.270835876464844,3.432544469833374,0.8966336846351624,0.8652372360229492,37.215904235839844,5.710289001464844,True,True
val,base,12777,4,1.0,0.9333333373069763,0.7298538088798523,0.9819902777671814,1.2819902896881104,0.0,0.0,0.0,1.0,0.0,0.0,0.0,0.0,0.20000000298023224,4.012238025665283,26.35788917541504,4.012238025665283,0,-6.319488525390625,25.5703125,3.18461012840271,4.767635822296143,2.1334950923919678,11.891983985900879,26.35788917541504,True,False
train,base,7147,4,1.0,0.9666666388511658,0.4589821994304657,0.9819660782814026,1.2819660902023315,0.0,0.0,0.0,1.0,1.0,0.0,0.0,0.0,0.10000000149011612,4.68549919128418,7.517893314361572,4.68549919128418,0,-5.444353103637695,5.205150604248047,16.802265167236328,4.330239295959473,1.9772419929504395,22.522113800048828,7.517893314361572,True,False
val,base,12354,5,1.0,0.9333333373069763,0.7290205955505371,0.9819347262382507,1.217134714126587,0.0,0.0,0.0,1.0,0.0,0.0,0.0,0.0,0.20000000298023224,3.984377384185791,11.303206443786621,3.984377384185791,0,-7.184505462646484,8.772937774658203,3.013415813446045,4.61819314956665,2.0974225997924805,33.46807098388672,11.303206443786621,True,False
train,base,3444,3,1.0,0.9333333373069763,0.7213101983070374,0.9814206957817078,1.2814207077026367,0.0,0.0,0.0,1.0,0.0,0.0,0.0,0.0,0.20000000298023224,4.098060607910156,23.603246688842773,4.098060607910156,0,18.628887176513672,14.410385131835938,5.850200176239014,4.553929328918457,2.047578811645508,22.09160614013672,23.603246688842773,True,False
val,base,2994,0,1.0,0.9666666388511658,0.4369485378265381,0.9812316298484802,1.2812316417694092,0.12958842515945435,0.12958842515945435,0.0,1.0,1.0,0.0,0.0,0.0,0.10000000149011612,6.507111072540283,39.1668701171875,6.507111072540283,0,-25.760597229003906,29.50202178955078,4.963181972503662,4.690247058868408,2.08931303024292,19.59890365600586,39.1668701171875,True,False
train,base,36507,1,1.0,0.9333333373069763,0.7132356762886047,0.9808824062347412,1.2808823585510254,0.0,0.0,0.0,1.0,0.0,0.0,0.0,0.0,0.20000000298023224,4.177697658538818,23.225780487060547,4.177697658538818,0,-5.227731704711914,-22.682926177978516,8.706518173217773,5.564373016357422,2.5445945262908936,39.34562683105469,23.22578239440918,True,False
train,base,15927,4,1.0,0.9333333373069763,0.7062280774116516,0.9804152250289917,1.2804152965545654,0.0,0.0,0.0,1.0,0.0,0.0,0.0,0.0,0.20000000298023224,4.245725154876709,20.30411148071289,4.245725154876709,0,12.2772216796875,16.150161743164062,0.40328773856163025,4.856490135192871,2.1289098262786865,19.75836181640625,20.30411148071289,True,False
train,base,11817,3,1.0,0.9666666388511658,0.41002899408340454,0.9803342819213867,1.280334234237671,0.0,0.0,0.0,1.0,1.0,0.0,0.0,0.0,0.10000000149011612,3.355541229248047,5.432852745056152,3.355541229248047,0,3.3039779663085938,4.232917785644531,3.340932607650757,4.600188255310059,2.0888402462005615,31.353069305419922,5.432852745056152,True,False
val,base,14421,7,1.0,0.9333333373069763,0.70428466796875,0.98028564453125,1.2802855968475342,0.0,0.0,0.0,1.0,0.0,0.0,0.0,0.0,0.20000000298023224,4.264429092407227,29.17034339904785,4.264429092407227,0,11.052719116210938,26.987220764160156,2.068613052368164,4.574304580688477,2.142009973526001,26.836162567138672,29.17034339904785,True,False
val,base,17170,2,1.0,0.9666666388511658,0.3919788599014282,0.9797326326370239,1.2797327041625977,0.0,0.0,0.0,1.0,1.0,0.0,0.0,0.0,0.10000000149011612,6.8780035972595215,30.19338607788086,6.8780035972595215,0,-16.122020721435547,25.57159423828125,4.773232936859131,4.358086585998535,2.031209945678711,13.989828109741211,30.19338607788086,True,False
train,base,10217,4,1.0,0.9333333373069763,0.6925658583641052,0.979504406452179,1.279504418373108,0.0,0.0,0.0,1.0,0.0,0.0,0.0,0.0,0.20000000298023224,4.374464988708496,14.931674003601074,4.374464988708496,0,-13.322530746459961,6.824501037597656,0.3132568299770355,4.587728977203369,2.1035754680633545,18.63168716430664,14.931674003601074,True,False
train,base,27008,2,1.0,0.9666666388511658,0.32624220848083496,0.9775413870811462,1.2775413990020752,0.0,0.0,0.0,1.0,1.0,0.0,0.0,0.0,0.10000000149011612,2.777941942214966,4.336455821990967,2.777941942214966,0,-0.08342361450195312,-0.026659011840820312,0.3256297707557678,4.394719123840332,2.022555351257324,5.033688545227051,4.336455821990967,True,False
train,base,9219,0,1.0,0.9333333373069763,0.6619724035263062,0.9774648547172546,1.2774648666381836,0.05554795265197754,0.05554795265197754,0.0,1.0,0.0,0.0,0.0,0.0,0.20000000298023224,4.655807018280029,30.210433959960938,4.655807018280029,0,11.7879638671875,27.786880493164062,0.2705959379673004,5.594602584838867,2.4172146320343018,11.153045654296875,30.210433959960938,True,False
train,base,5548,4,1.0,0.9333333373069763,0.6489509344100952,0.9765967130661011,1.2765967845916748,0.0,0.0,0.0,1.0,0.0,0.0,0.0,0.0,0.20000000298023224,4.771137714385986,37.072025299072266,4.771137714385986,0,26.495609283447266,25.909896850585938,9.941178321838379,4.562274932861328,2.084947347640991,28.376996994018555,37.072025299072266,True,False
val,base,2502,4,1.0,0.9333333373069763,0.6452464461326599,0.9763497710227966,1.2763497829437256,0.0,0.0,0.0,1.0,1.0,0.0,0.0,0.0,0.20000000298023224,4.54779052734375,9.660405158996582,4.54779052734375,0,-0.12070274353027344,9.66748046875,3.3009610176086426,0.9310261607170105,0.863423764705658,21.795059204101562,9.660405158996582,True,True
train,base,36210,6,1.0,0.9666666388511658,0.2840888798236847,0.9761362671852112,1.2761362791061401,0.0,0.0,0.0,1.0,1.0,0.0,0.0,0.0,0.10000000149011612,7.848395824432373,19.73366928100586,7.848395824432373,0,-9.349355697631836,17.393653869628906,14.422211647033691,5.286061763763428,2.3574466705322266,13.3289155960083,19.73366928100586,True,False
train,base,1493,6,1.0,0.9333333373069763,0.6361321210861206,0.9757421612739563,1.2757421731948853,0.0,0.0,0.0,1.0,1.0,0.0,0.0,0.0,0.20000000298023224,4.880962371826172,14.901545524597168,4.880962371826172,0,6.652366638183594,13.26883316040039,0.3458772897720337,4.542706489562988,2.072298288345337,10.466540336608887,14.901545524597168,True,False
train,base,25224,2,1.0,0.9666666388511658,0.25591832399368286,0.9751972556114197,1.2751972675323486,0.0,0.0,0.0,1.0,1.0,0.0,0.0,0.0,0.10000000149011612,5.302423000335693,7.046960830688477,5.302423000335693,0,-3.151508331298828,6.300285339355469,11.853904724121094,5.284574031829834,2.358680009841919,19.588754653930664,7.046960830688477,True,False
val,base,21429,7,1.0,0.9333333373069763,0.6201650500297546,0.9746776819229126,1.2746777534484863,0.002916264347732067,0.002916264347732067,0.0,1.0,1.0,0.0,0.0,0.0,0.20000000298023224,5.01950216293335,27.335092544555664,5.01950216293335,0,-4.014804840087891,27.045452117919922,3.7089784145355225,4.547677516937256,2.0130579471588135,10.407371520996094,27.335092544555664,True,False
train,base,3031,6,1.0,0.9333333373069763,0.6037317514419556,0.9735821485519409,1.0383821725845337,0.0,0.0,0.0,1.0,1.0,0.0,0.0,0.0,0.20000000298023224,4.569999694824219,8.75696086883545,4.569999694824219,0,2.7653846740722656,8.311954498291016,0.22744204103946686,4.7056965827941895,2.0854530334472656,6.788825511932373,8.75696086883545,True,False
val,base,211,6,1.0,0.9666666388511658,0.19262005388736725,0.9730873107910156,1.1230872869491577,0.0,0.0,0.0,1.0,1.0,0.0,0.0,0.0,0.10000000149011612,5.419757843017578,6.741871356964111,5.419757843017578,0,1.538543701171875,6.545646667480469,1.7357887029647827,4.490029335021973,2.0402090549468994,19.7603816986084,6.741870880126953,True,False
val,base,7587,4,1.0,0.9333333373069763,0.5917118191719055,0.9727807641029358,1.2727807760238647,0.0,0.0,0.0,1.0,0.0,0.0,0.0,0.0,0.20000000298023224,5.257906913757324,30.13880157470703,5.257906913757324,0,-24.352516174316406,17.852005004882812,2.5378048419952393,6.513632774353027,2.674381971359253,21.56907081604004,30.13880157470703,True,False
train,base,12320,1,1.0,0.9333333373069763,0.5821095108985901,0.9721406102180481,1.272140622138977,0.0,0.0,0.0,1.0,1.0,0.0,0.0,0.0,0.20000000298023224,5.337121486663818,28.101011276245117,5.337121486663818,0,-26.45768928527832,9.545143127441406,9.261443138122559,5.280240058898926,2.3595635890960693,57.70176696777344,28.10101318359375,True,False
train,base,3444,1,1.0,0.9333333373069763,0.5811273455619812,0.9720751643180847,1.2720751762390137,0.0,0.0,0.0,1.0,1.0,0.0,0.0,0.0,0.20000000298023224,5.345194339752197,26.039033889770508,5.345194339752197,0,-24.02764129638672,10.182342529296875,8.5120267868042,4.704954147338867,2.0923826694488525,24.159879684448242,26.039033889770508,True,False
val,base,920,0,1.0,0.9666666388511658,0.13745369017124176,0.97124844789505,1.271248459815979,0.0,0.0,0.0,1.0,1.0,0.0,0.0,0.0,0.10000000149011612,4.668139934539795,5.331582546234131,4.668139934539795,0,-3.2309646606445312,4.2424468994140625,2.4202773571014404,4.5001702308654785,2.0490782260894775,11.559353828430176,5.331582546234131,True,False
val,base,13621,7,1.0,0.8999999761581421,0.7100304365158081,0.9710030555725098,1.271003007888794,0.0,0.0,0.0,1.0,0.0,0.0,0.0,0.0,0.30000001192092896,4.208935737609863,24.047048568725586,4.208935737609863,0,-5.296419143676758,23.452804565429688,8.207086563110352,4.497191905975342,2.016528367996216,7.8642964363098145,24.047048568725586,True,False
val,base,27487,7,1.0,0.9666666388511658,0.1180507093667984,0.9706016778945923,1.270601749420166,0.0,0.0,0.0,1.0,1.0,0.0,0.0,0.0,0.10000000149011612,3.97355580329895,4.322073459625244,3.97355580329895,0,3.652057647705078,-2.269723892211914,10.853211402893066,7.041168212890625,2.828056573867798,19.589584350585938,4.322073459625244,True,False
val,base,27179,7,1.0,0.9333333373069763,0.5465970635414124,0.9697731137275696,1.2697731256484985,0.0,0.0,0.0,1.0,1.0,0.0,0.0,0.0,0.20000000298023224,5.626051425933838,18.454809188842773,5.626051425933838,0,10.879119873046875,14.865257263183594,0.1768045425415039,4.826750755310059,2.1508963108062744,13.7996187210083,18.454809188842773,True,False
val,base,28220,2,1.0,0.8999999761581421,0.6922674775123596,0.9692267179489136,1.2692267894744873,0.009503135457634926,0.009503135457634926,0.0,1.0,0.0,0.0,0.0,0.0,0.30000001192092896,4.378057956695557,15.935247421264648,4.378057956695557,0,1.9687461853027344,15.796825408935547,0.19277134537696838,5.2787957191467285,2.359156370162964,24.8158016204834,15.935247421264648,True,False
train,base,19177,0,1.0,0.9333333373069763,0.5318377614021301,0.9687891602516174,1.2687891721725464,0.0,0.0,0.0,1.0,1.0,0.0,0.0,0.0,0.20000000298023224,5.297571182250977,9.565227508544922,5.297571182250977,0,-0.4428730010986328,9.587432861328125,3.9689762592315674,4.794824600219727,2.1506803035736084,31.74803352355957,9.565227508544922,True,False
train,base,28788,7,1.0,0.9666666388511658,0.0622081533074379,0.9687402248382568,1.268740177154541,0.04656323790550232,0.04656323790550232,0.0,1.0,1.0,0.0,0.0,0.0,0.10000000149011612,3.395031213760376,3.395031213760376,3.7985999584198,0,-3.375446319580078,0.7763252258300781,5.686985969543457,5.090000152587891,2.2363460063934326,30.93355369567871,3.395031213760376,True,False
train,base,18572,2,1.0,0.9666666388511658,0.0618685781955719,0.9687288999557495,1.2687289714813232,0.0,0.0,0.0,1.0,1.0,0.0,0.0,0.0,0.10000000149011612,3.0882697105407715,3.0882697105407715,3.532219886779785,0,-3.1464595794677734,-0.12464714050292969,6.1641645431518555,8.049341201782227,2.974503517150879,25.886892318725586,3.0882697105407715,True,False
train,base,12411,3,1.0,0.9666666388511658,0.05393880605697632,0.9684646129608154,1.2036646604537964,0.0,0.0,0.0,1.0,1.0,0.0,0.0,0.0,0.10000000149011612,2.824169635772705,2.8585498332977295,3.4594242572784424,0,2.6206398010253906,1.0333709716796875,9.457108497619629,4.7154459953308105,2.1097829341888428,44.47433853149414,2.8585500717163086,True,False
train,base,10915,5,1.0,0.9666666388511658,0.037800755351781845,0.9679266810417175,1.2679266929626465,0.0,0.0,0.0,1.0,1.0,0.0,0.0,0.0,0.10000000149011612,4.233729839324951,4.233729839324951,4.9770283699035645,0,-3.3972530364990234,2.467529296875,7.89237117767334,7.768614768981934,2.919015407562256,30.6192569732666,4.233729839324951,True,False
val,base,8836,0,1.0,0.9333333373069763,0.4887158274650574,0.9659143686294556,1.2659144401550293,0.0,0.0,0.0,1.0,1.0,0.0,0.0,0.0,0.20000000298023224,6.0902886390686035,31.64583969116211,6.0902886390686035,0,-26.710020065307617,17.022857666015625,4.109250068664551,5.277614593505859,2.3551993370056152,15.436572074890137,31.64583969116211,True,False
train,base,30617,2,1.0,0.7666666507720947,0.8419941067695618,0.9631319642066956,1.2631319761276245,0.0,0.0,0.0,1.0,0.0,0.0,0.0,0.0,0.699999988079071,2.6537182331085205,30.242639541625977,2.6537182331085205,0,3.3612289428710938,30.028839111328125,1.4534999132156372,4.561851501464844,2.0769944190979004,21.806312561035156,30.242639541625977,True,False
val,base,22883,6,1.0,0.8666666746139526,0.6883783340454102,0.958450436592102,1.2584505081176758,0.0,0.0,0.0,1.0,0.0,0.0,0.0,0.0,0.4000000059604645,4.414902687072754,24.92691993713379,4.414902687072754,0,-10.843055725097656,22.4400634765625,3.918332099914551,4.53184175491333,2.048428773880005,13.97534465789795,24.926918029785156,True,False
train,base,11172,0,1.0,0.8333333134651184,0.7404513955116272,0.9567418694496155,1.2567418813705444,0.0,0.0,0.0,1.0,1.0,0.0,0.0,0.0,0.5,3.903367757797241,29.11409568786621,3.903367757797241,0,-9.316268920898438,27.70671844482422,4.270013332366943,4.720582962036133,2.1022024154663086,32.29660415649414,29.11409568786621,True,False
train,base,21429,1,1.0,0.8666666746139526,0.6669292449951172,0.955590546131134,1.255590558052063,0.0,0.0,0.0,1.0,0.0,0.0,0.0,0.0,0.4000000059604645,4.611341953277588,30.89028549194336,4.611341953277588,0,14.582893371582031,27.185821533203125,6.918089389801025,4.614719390869141,2.1170847415924072,14.042811393737793,30.89028549194336,True,False
val,base,34135,3,1.0,0.8999999761581421,0.545359194278717,0.9545359015464783,1.2545359134674072,0.0,0.0,0.0,1.0,1.0,0.0,0.0,0.0,0.30000001192092896,5.6361260414123535,30.926313400268555,5.6361260414123535,0,-6.167507171630859,30.317127227783203,0.31698673963546753,4.238819122314453,1.9911288022994995,38.93114471435547,30.926313400268555,True,False
val,base,13237,1,1.0,0.8999999761581421,0.5335277318954468,0.9533527493476868,1.2533527612686157,0.0,0.0,0.0,1.0,0.0,0.0,0.0,0.0,0.30000001192092896,4.434945106506348,7.686001300811768,4.434945106506348,0,-6.570959091186523,-4.102754592895508,4.468591690063477,4.740741729736328,2.120680093765259,11.395589828491211,7.686001777648926,True,False
train,base,5967,7,1.0,0.800000011920929,0.7547164559364319,0.9509432911872864,1.1009433269500732,0.0,0.0,0.0,1.0,1.0,0.0,0.0,0.0,0.6000000238418579,3.609354019165039,9.672654151916504,3.609354019165039,0,-3.0758190155029297,9.135974884033203,2.6247382164001465,4.546305179595947,2.061985492706299,31.734342575073242,9.672654151916504,True,False
train,base,30180,0,1.0,0.8666666746139526,0.6127431988716125,0.9483657479286194,1.2483657598495483,0.0,0.0,0.0,1.0,0.0,0.0,0.0,0.0,0.4000000059604645,5.082284450531006,27.1041316986084,5.082284450531006,0,-24.545848846435547,11.566341400146484,8.464153289794922,4.548671245574951,2.0654916763305664,55.18526077270508,27.1041316986084,True,False
val,base,24408,4,1.0,0.800000011920929,0.7276763916015625,0.9455353021621704,1.2455353736877441,0.0,0.0,0.0,1.0,1.0,0.0,0.0,0.0,0.6000000238418579,4.033923149108887,15.995930671691895,4.033923149108887,0,-3.0850696563720703,-15.72719955444336,8.22559642791748,12.957453727722168,3.211965799331665,23.134429931640625,15.995930671691895,True,False
train,base,5349,7,1.0,0.9333333373069763,0.12946517765522003,0.941964328289032,1.241964340209961,0.0,0.0,0.0,1.0,0.0,0.0,0.0,0.0,0.20000000298023224,3.8617119789123535,4.303552150726318,3.8617119789123535,0,-3.6044464111328125,-2.4701995849609375,8.229013442993164,4.747824192047119,2.138547658920288,21.072538375854492,4.303552150726318,True,False
train,base,22433,6,1.0,0.8333333134651184,0.638496994972229,0.9397494792938232,1.2397494316101074,0.0,0.0,0.0,1.0,0.0,0.0,0.0,0.0,0.5,4.862306594848633,31.19354248046875,4.862306594848633,0,-24.40292739868164,19.50475311279297,0.6872698664665222,4.612886428833008,2.06575083732605,18.967182159423828,31.19354248046875,True,False
val,base,12239,6,1.0,0.8333333134651184,0.5801615715026855,0.9300268888473511,1.2300269603729248,0.0,0.0,0.0,1.0,1.0,0.0,0.0,0.0,0.5,5.3531270027160645,27.29474449157715,5.3531270027160645,0,-6.040454864501953,26.61220932006836,5.472141265869141,4.468813419342041,2.003406286239624,58.042747497558594,27.29474449157715,True,False
train,base,25176,4,1.0,0.8999999761581421,0.2674787640571594,0.9267478585243225,1.0767478942871094,0.0,0.0,0.0,1.0,1.0,0.0,0.0,0.0,0.30000001192092896,5.2926859855651855,7.113326072692871,5.2926859855651855,0,-3.4919300079345703,6.446582794189453,28.421682357788086,4.429406642913818,2.0813469886779785,23.67963409423828,7.113326072692871,True,False
val,base,7529,6,1.0,0.5666667222976685,0.5639539361000061,0.8110467195510864,1.1110467910766602,0.0,0.0,0.0,1.0,0.0,0.0,0.0,0.0,1.2999999523162842,5.485550880432129,31.58013343811035,5.485550880432129,0,10.831668853759766,29.6424560546875,11.24323844909668,4.714563846588135,2.104698657989502,43.07554244995117,31.58013343811035,True,False
train,base,19219,3,1.0,0.0,0.8068528175354004,0.8068528175354004,1.1068527698516846,0.0,0.0,0.0,1.0,0.0,0.0,0.0,0.0,,3.140623092651367,30.247182846069336,3.140623092651367,0,-2.4236412048339844,-30.175167083740234,10.144765853881836,4.406341552734375,2.0306131839752197,47.41204071044922,30.247182846069336,True,False
val,base,31577,6,1.0,0.7000000476837158,0.28645414113998413,0.7859362959861755,1.0859363079071045,0.0,0.0,0.0,1.0,0.0,0.0,0.0,0.0,0.8999999761581421,3.205512762069702,4.6183576583862305,3.205512762069702,0,-3.740386962890625,2.80126953125,3.452169895172119,5.273366928100586,2.357470989227295,17.6065616607666,4.6183576583862305,True,False
val,base,25528,1,1.0,0.0,0.7193116545677185,0.7193116545677185,1.0193116664886475,0.0,0.0,0.0,1.0,0.0,0.0,0.0,0.0,,4.117900848388672,23.389690399169922,4.117900848388672,0,-17.784915924072266,15.240219116210938,8.992570877075195,5.443343162536621,2.32635235786438,20.838695526123047,23.389690399169922,True,False
train,base,10293,3,1.0,0.0,0.7021454572677612,0.7021454572677612,1.002145528793335,0.0,0.0,0.0,1.0,0.0,0.0,0.0,0.0,,4.125891208648682,9.885260581970215,4.125891208648682,0,-2.467042922973633,-9.576656341552734,4.3402862548828125,5.742128849029541,2.397674322128296,12.812483787536621,9.885260581970215,True,False
val,base,39808,2,0.9961170554161072,0.9666666388511658,0.631511390209198,0.9877170324325562,0.9961170554161072,0.0,0.0,0.0,1.0,1.0,0.0,0.0,0.0,0.10000000149011612,4.862410545349121,11.36839771270752,4.862410545349121,0,-4.168659210205078,10.586250305175781,3.576402187347412,5.062430381774902,2.216193437576294,36.730255126953125,11.36839771270752,True,False
train,base,12149,2,0.9951038360595703,0.9666666388511658,0.853115439414978,0.9951038360595703,0.9951038360595703,0.0,0.0,0.0,0.0,0.0,0.0,0.0,0.0,0.10000000149011612,2.4537603855133057,10.654646873474121,2.4537603855133057,0,0.5964584350585938,10.621490478515625,5.600001335144043,0.9859412312507629,0.8818640112876892,20.87034034729004,10.654645919799805,True,True
train,base,32619,6,0.9946609735488892,0.9666666388511658,0.8398301601409912,0.9946609735488892,0.9946609735488892,0.0,0.0,0.0,0.0,0.0,0.0,0.0,0.0,0.10000000149011612,2.685682535171509,15.066377639770508,2.685682535171509,0,3.48052978515625,14.654251098632812,4.710861682891846,0.8410096764564514,0.8567441701889038,17.13656234741211,15.066377639770508,True,True
train,base,35009,2,0.9946608543395996,0.9666666388511658,0.8398258686065674,0.9946608543395996,0.9946608543395996,0.0,0.0,0.0,0.0,0.0,0.0,0.0,0.0,0.10000000149011612,2.685997486114502,16.113052368164062,2.685997486114502,0,0.12607574462890625,16.101879119873047,6.792776107788086,0.8491247296333313,0.8500638008117676,15.494839668273926,16.113052368164062,True,True
train,base,2180,1,0.9936938285827637,0.9666666388511658,0.8108157515525818,0.9936938285827637,0.9936938285827637,0.0,0.0,0.0,0.0,0.0,0.0,0.0,0.0,0.10000000149011612,3.0893564224243164,19.566312789916992,3.0893564224243164,0,2.469226837158203,19.386493682861328,9.8875150680542,1.8190784454345703,0.8323162794113159,12.176294326782227,19.566312789916992,True,True
val,base,6427,7,0.9933722615242004,0.9666666388511658,0.8011685609817505,0.9933722615242004,0.9933722615242004,0.0,0.0,0.0,0.0,0.0,0.0,0.0,0.0,0.10000000149011612,3.212653160095215,16.55853843688965,3.212653160095215,0,-2.698108673095703,16.333633422851562,13.252153396606445,0.8471620082855225,0.8380171060562134,15.028708457946777,16.55853843688965,True,True
val,base,1925,6,0.9927656054496765,0.1666666865348816,0.6313187479972839,0.6927655935287476,0.9927656054496765,0.0,0.0,0.0,1.0,1.0,0.0,0.0,0.0,2.5,4.924201488494873,18.692230224609375,4.924201488494873,0,-6.703807830810547,17.461441040039062,0.384621262550354,4.526017189025879,2.007167339324951,4.418756484985352,18.692232131958008,True,False
train,base,4644,0,0.9925346374511719,0.9666666388511658,0.7760391235351562,0.9925346374511719,0.9925346374511719,0.0,0.0,0.0,0.0,0.0,0.0,0.0,0.0,0.10000000149011612,3.513643741607666,14.723308563232422,3.513643741607666,0,-3.4629878997802734,14.311386108398438,11.251330375671387,0.8686521649360657,0.8963028192520142,17.202823638916016,14.723308563232422,True,True
val,base,28220,7,0.9924960136413574,0.9666666388511658,0.774880588054657,0.9924960136413574,0.9924960136413574,0.0,0.0,0.0,0.0,0.0,0.0,0.0,0.0,0.10000000149011612,3.526705741882324,14.490337371826172,3.526705741882324,0,0.23090362548828125,14.482009887695312,0.38225480914115906,4.8822503089904785,2.1663167476654053,25.522212982177734,14.490337371826172,True,False
train,base,23188,6,0.9912782907485962,0.9666666388511658,0.7383493185043335,0.9912782907485962,0.9912782907485962,0.0,0.0,0.0,0.0,0.0,0.0,0.0,0.0,0.10000000149011612,3.9251868724823,27.519271850585938,3.9251868724823,0,2.2391395568847656,-27.452533721923828,11.321012496948242,4.495742321014404,2.038538694381714,50.890464782714844,27.51927375793457,True,False
train,base,9298,5,0.9911525249481201,0.9666666388511658,0.7345752716064453,0.9911525249481201,0.9911525249481201,0.0,0.0,0.0,0.0,0.0,0.0,0.0,0.0,0.10000000149011612,2.3491711616516113,6.107120990753174,2.3491711616516113,0,-1.8846454620361328,5.806358337402344,6.628840923309326,4.228733539581299,1.949602484703064,37.27057647705078,6.107120990753174,True,False
val,base,6427,4,0.9910308718681335,0.9666666388511658,0.7309256792068481,0.9910308718681335,0.9910308718681335,0.0,0.0,0.0,0.0,0.0,0.0,0.0,0.0,0.10000000149011612,4.000785827636719,15.483381271362305,4.000785827636719,0,-3.046436309814453,15.181503295898438,13.31110668182373,0.846794843673706,0.8383834958076477,15.761634826660156,15.483381271362305,True,True
train,base,19755,1,0.9909969568252563,0.9666666388511658,0.7299087643623352,0.9909969568252563,0.9909969568252563,0.0,0.0,0.0,0.0,0.0,0.0,0.0,0.0,0.10000000149011612,4.0116801261901855,30.955495834350586,4.0116801261901855,0,-5.379423141479492,30.46643829345703,1.2260204553604126,4.955924987792969,2.2222280502319336,18.01655387878418,30.955495834350586,True,False
train,base,13483,0,0.9908830523490906,0.9666666388511658,0.7264922857284546,0.9908830523490906,0.9908830523490906,0.0,0.0,0.0,0.0,0.0,0.0,0.0,0.0,0.10000000149011612,4.046204090118408,31.62383460998535,4.046204090118408,0,-9.248126983642578,30.19751739501953,12.912453651428223,4.730947494506836,2.165193557739258,3.1275930404663086,31.62383460998535,True,False
val,base,34682,7,0.9906577467918396,0.9666666388511658,0.7197328805923462,0.9906577467918396,0.9906577467918396,0.0,0.0,0.0,0.0,0.0,0.0,0.0,0.0,0.10000000149011612,4.113724231719971,21.304460525512695,4.113724231719971,0,-8.20211410522461,19.68102264404297,10.640355110168457,4.51497745513916,2.0502583980560303,12.11192798614502,21.304460525512695,True,False
val,base,25691,7,0.9904881715774536,0.9666666388511658,0.46264559030532837,0.9820881485939026,0.9904881715774536,0.0,0.0,0.0,1.0,1.0,0.0,0.0,0.0,0.10000000149011612,4.144012928009033,6.743551731109619,4.144012928009033,0,-3.5752811431884766,5.783039093017578,4.504721164703369,4.54908561706543,2.0900473594665527,30.12460708618164,6.743551731109619,True,False
val,base,10368,2,0.9904606938362122,0.9666666388511658,0.7138214111328125,0.9904606938362122,0.9904606938362122,0.0,0.0,0.0,0.0,0.0,0.0,0.0,0.0,0.10000000149011612,4.171966075897217,30.353424072265625,4.171966075897217,0,-7.1370086669921875,29.50202178955078,0.5452243685722351,4.55596399307251,2.053434133529663,4.201857089996338,30.353424072265625,True,False
train,base,16429,1,0.98979252576828,0.9666666388511658,0.6937752962112427,0.98979252576828,0.98979252576828,0.0,0.0,0.0,0.0,0.0,0.0,0.0,0.0,0.10000000149011612,4.364341735839844,25.334980010986328,4.364341735839844,0,-15.36799430847168,20.092124938964844,7.360298156738281,4.620880603790283,2.061718702316284,16.529617309570312,25.334980010986328,True,False
val,base,15659,6,0.9893977642059326,0.9666666388511658,0.6819339394569397,0.9893977642059326,0.9893977642059326,0.0,0.0,0.0,0.0,0.0,0.0,0.0,0.0,0.10000000149011612,4.474650859832764,21.653913497924805,4.474650859832764,0,6.364234924316406,20.672069549560547,2.629814624786377,4.906876564025879,2.1439406871795654,39.57351303100586,21.653913497924805,True,False
train,base,26863,1,0.98935467004776,0.9666666388511658,0.6806408762931824,0.98935467004776,0.98935467004776,0.0,0.0,0.0,0.0,0.0,0.0,0.0,0.0,0.10000000149011612,4.486563205718994,31.778942108154297,4.486563205718994,0,-2.0572052001953125,31.666812896728516,6.999980926513672,4.7473835945129395,2.1184639930725098,62.965599060058594,31.778942108154297,True,False
train,base,12320,2,0.9892328381538391,0.9666666388511658,0.6769849061965942,0.9892328381538391,0.9892328381538391,0.0,0.0,0.0,0.0,0.0,0.0,0.0,0.0,0.10000000149011612,4.520100116729736,29.901086807250977,4.520100116729736,0,-28.137022018432617,10.192699432373047,12.905075073242188,4.168215274810791,1.9401261806488037,60.01674270629883,29.901086807250977,True,False
train,base,19153,6,0.9889234900474548,0.9666666388511658,0.6677055954933167,0.9889234900474548,0.9889234900474548,0.0,0.0,0.0,0.0,0.0,0.0,0.0,0.0,0.10000000149011612,2.4620420932769775,5.736787796020508,2.4620420932769775,0,-2.2726097106933594,5.2660369873046875,3.5760281085968018,4.961759090423584,2.219404458999634,33.010826110839844,5.736787796020508,True,False
val,base,636,6,0.9885694980621338,0.9666666388511658,0.6570854187011719,0.9885694980621338,0.9885694980621338,0.0,0.0,0.0,0.0,0.0,0.0,0.0,0.0,0.10000000149011612,4.694401264190674,13.769889831542969,4.694401264190674,0,-13.322616577148438,3.8254432678222656,11.996870994567871,4.7102742195129395,2.093773365020752,39.43123245239258,13.769889831542969,True,False
train,base,32290,4,0.9881067276000977,0.9666666388511658,0.643202006816864,0.9881067276000977,0.9881067276000977,0.0,0.0,0.0,0.0,0.0,0.0,0.0,0.0,0.10000000149011612,4.821340560913086,17.963054656982422,4.821340560913086,0,-8.99867057800293,15.560386657714844,7.095785140991211,4.552541732788086,2.066683053970337,19.027719497680664,17.963054656982422,True,False
train,base,30073,5,0.987701416015625,0.9666666388511658,0.6310434937477112,0.987701416015625,0.987701416015625,0.0,0.0,0.0,0.0,0.0,0.0,0.0,0.0,0.10000000149011612,4.812159538269043,10.677755355834961,4.812159538269043,0,0.748077392578125,10.635566711425781,10.937172889709473,0.9049250483512878,0.8695628643035889,20.637388229370117,10.677755355834961,True,True
val,base,37192,5,0.9876233339309692,0.8999999761581421,0.8762335181236267,0.9876233339309692,0.9876233339309692,0.0,0.0,0.0,0.0,0.0,0.0,0.0,0.0,0.30000001192092896,2.085273027420044,15.137418746948242,2.085273027420044,0,0.3753852844238281,15.09567642211914,0.5602595806121826,1.0234293937683105,0.9313932657241821,12.05289077758789,15.137418746948242,True,True
val,base,10079,3,0.9873714447021484,0.9666666388511658,0.6211442947387695,0.9873714447021484,0.9873714447021484,0.0,0.0,0.0,0.0,0.0,0.0,0.0,0.0,0.10000000149011612,5.011183738708496,24.14967918395996,5.011183738708496,0,-4.013278961181641,23.809112548828125,0.25220486521720886,5.130722999572754,2.2399041652679443,9.157502174377441,24.14967918395996,True,False
val,base,20462,2,0.9868403673171997,0.9666666388511658,0.6052109599113464,0.9868403673171997,0.9868403673171997,0.0,0.0,0.0,0.0,0.0,0.0,0.0,0.0,0.10000000149011612,5.145529747009277,19.616323471069336,5.145529747009277,0,-2.651399612426758,19.413833618164062,6.644423484802246,4.198205471038818,1.9723094701766968,49.698081970214844,19.616323471069336,True,False
train,base,28987,2,0.9864615201950073,0.9333333373069763,0.796923041343689,0.9864615201950073,0.9864615201950073,0.0,0.0,0.0,0.0,0.0,0.0,0.0,0.0,0.20000000298023224,3.2656538486480713,31.604877471923828,3.2656538486480713,0,3.1950416564941406,31.418670654296875,7.821115493774414,4.7120680809021,2.06778883934021,28.796579360961914,31.604877471923828,True,False
val,base,7681,3,0.9855353236198425,0.9333333373069763,0.783030092716217,0.9855353236198425,0.9855353236198425,0.0,0.0,0.0,0.0,0.0,0.0,0.0,0.0,0.20000000298023224,3.4331741333007812,21.55624771118164,3.4331741333007812,0,-11.927461624145508,17.984031677246094,0.18578417599201202,4.561999797821045,2.074861526489258,18.160783767700195,21.55624771118164,True,False
train,base,16366,4,0.9854531288146973,0.9666666388511658,0.563593327999115,0.9854531288146973,0.9854531288146973,0.0,0.0,0.0,0.0,0.0,0.0,0.0,0.0,0.10000000149011612,5.4884796142578125,21.68817901611328,5.4884796142578125,0,14.744827270507812,15.847885131835938,0.7838221192359924,5.273367404937744,2.3542964458465576,15.957267761230469,21.68817901611328,True,False
train,base,39530,5,0.9854229092597961,0.9666666388511658,0.5626876354217529,0.9854229092597961,0.9854229092597961,0.0,0.0,0.0,0.0,0.0,0.0,0.0,0.0,0.10000000149011612,4.0411152839660645,7.272085666656494,4.0411152839660645,0,3.569873809814453,6.276157379150391,4.7706522941589355,0.8452851176261902,0.8630514144897461,25.188886642456055,7.272085666656494,True,True
train,base,15737,0,0.9847289323806763,0.9666666388511658,0.5418687462806702,0.9847289323806763,0.9847289323806763,0.0,0.0,0.0,0.0,0.0,0.0,0.0,0.0,0.10000000149011612,3.487653970718384,6.963822841644287,3.9413626194000244,0,-2.1102371215820312,6.6359100341796875,2.397306442260742,5.328685760498047,2.3193252086639404,20.10257911682129,6.963822841644287,True,False
val,base,5541,5,0.9844496250152588,0.9333333373069763,0.7667444944381714,0.9844496250152588,0.9844496250152588,0.0,0.0,0.0,0.0,0.0,0.0,0.0,0.0,0.20000000298023224,3.6199612617492676,31.15534210205078,3.6199612617492676,0,-3.3415603637695312,30.96820831298828,2.811518669128418,4.915002822875977,2.1970019340515137,36.71728515625,31.15534210205078,True,False
train,base,19844,2,0.9842474460601807,0.9333333373069763,0.7637112736701965,0.9842474460601807,0.9842474460601807,0.0,0.0,0.0,0.0,0.0,0.0,0.0,0.0,0.20000000298023224,3.653728723526001,32.793758392333984,3.653728723526001,0,14.658809661865234,29.469314575195312,6.366302967071533,10.602965354919434,3.134774923324585,22.18597984313965,32.793758392333984,True,False
train,base,37239,1,0.9839279055595398,0.0,0.6839278936386108,0.6839278936386108,0.9839279055595398,0.0,0.0,0.0,1.0,1.0,0.0,0.0,0.0,,4.1805291175842285,9.340458869934082,4.1805291175842285,0,0.31565093994140625,9.330097198486328,4.732850074768066,0.8377692103385925,0.8362610936164856,22.261560440063477,9.340457916259766,True,True
train,base,36210,7,0.9830941557884216,0.9666666388511658,0.492824912071228,0.9830941557884216,0.9830941557884216,0.0,0.0,0.0,0.0,0.0,0.0,0.0,0.0,0.10000000149011612,6.05714750289917,17.69424057006836,6.05714750289917,0,-9.912910461425781,14.689872741699219,20.06987953186035,4.083505630493164,1.9600565433502197,15.9000825881958,17.694242477416992,True,False
val,base,36580,4,0.9822421073913574,0.9333333373069763,0.7336311340332031,0.9822421073913574,0.9822421073913574,0.0,0.0,0.0,0.0,0.0,0.0,0.0,0.0,0.20000000298023224,3.9733493328094482,15.808956146240234,3.9733493328094482,0,-10.509027481079102,11.833255767822266,3.2215147018432617,5.279338359832764,2.357975721359253,41.55716323852539,15.808956146240234,True,False
train,base,28952,3,0.9820362329483032,0.9333333373069763,0.7616308927536011,0.9841087460517883,0.9841087460517883,0.0020725373178720474,0.0020725373178720474,0.0,0.0,0.0,0.0,0.0,0.0,0.20000000298023224,3.676687717437744,18.24292755126953,3.676687717437744,0,4.7711944580078125,17.605880737304688,1.0481618642807007,5.262617111206055,2.299290180206299,34.0702018737793,18.24292755126953,True,False
train,base,36210,1,0.9817293882369995,0.9666666388511658,0.4518819749355316,0.9817293882369995,0.9817293882369995,0.0,0.0,0.0,0.0,0.0,0.0,0.0,0.0,0.10000000149011612,6.3851141929626465,16.562698364257812,6.3851141929626465,0,-9.793380737304688,13.384925842285156,20.819549560546875,4.561258792877197,2.0407025814056396,16.545875549316406,16.562698364257812,True,False
val,base,23186,0,0.9813882112503052,0.9666666388511658,0.4416462182998657,0.9813882112503052,0.9813882112503052,0.0,0.0,0.0,0.0,0.0,0.0,0.0,0.0,0.10000000149011612,4.276480197906494,6.801006317138672,4.276480197906494,0,6.4454345703125,2.028942108154297,9.183649063110352,5.277994632720947,2.354602575302124,29.042476654052734,6.801006317138672,True,False
val,base,2067,0,0.9813257455825806,0.8999999761581421,0.8132574558258057,0.9813257455825806,0.9813257455825806,0.0,0.0,0.0,0.0,0.0,0.0,0.0,0.0,0.30000001192092896,3.0573649406433105,21.317031860351562,3.0573649406433105,0,-0.19836044311523438,21.252212524414062,5.429725170135498,4.316430568695068,1.9683202505111694,26.828306198120117,21.317031860351562,True,False
val,base,2578,2,0.9808237552642822,0.9333333373069763,0.7123565077781677,0.9808237552642822,0.9808237552642822,0.0,0.0,0.0,0.0,0.0,0.0,0.0,0.0,0.20000000298023224,4.186286449432373,29.343904495239258,4.186286449432373,0,26.63454818725586,12.200756072998047,8.922944068908691,5.280942440032959,2.3617215156555176,30.13074493408203,29.343902587890625,True,False
train,base,21266,7,0.9804216027259827,0.9333333373069763,0.7063242197036743,0.9804216027259827,0.9804216027259827,0.0,0.0,0.0,0.0,0.0,0.0,0.0,0.0,0.20000000298023224,4.2447896003723145,19.317094802856445,4.2447896003723145,0,1.4539680480957031,19.269119262695312,1.6292742490768433,4.243366241455078,1.9765329360961914,35.618682861328125,19.317094802856445,True,False
train,base,12857,1,0.9797684550285339,0.9666666388511658,0.14105358719825745,0.9713684320449829,0.9797684550285339,0.0,0.0,0.0,1.0,1.0,0.0,0.0,0.0,0.10000000149011612,5.363670825958252,6.230995178222656,5.363670825958252,0,1.3983497619628906,6.046607971191406,3.3134191036224365,4.572976589202881,2.0964934825897217,25.394433975219727,6.230995178222656,True,False
train,base,28497,5,0.9790087938308716,0.9666666388511658,0.3702639937400818,0.9790087938308716,0.9790087938308716,0.0,0.0,0.0,0.0,0.0,0.0,0.0,0.0,0.10000000149011612,4.57521390914917,6.783431053161621,4.57521390914917,0,-3.723072052001953,5.5895233154296875,9.460593223571777,4.6540937423706055,2.0737931728363037,26.380693435668945,6.783431053161621,True,False
train,base,18151,4,0.9786873459815979,0.8999999761581421,0.7868737578392029,0.9786873459815979,0.9786873459815979,0.0,0.0,0.0,0.0,0.0,0.0,0.0,0.0,0.30000001192092896,3.3876335620880127,29.394826889038086,3.3876335620880127,0,-1.3332290649414062,29.331932067871094,5.666993618011475,5.0538554191589355,2.2095298767089844,55.81814956665039,29.394826889038086,True,False
train,base,28987,1,0.9780341982841492,0.8999999761581421,0.7803420424461365,0.9780341982841492,0.9780341982841492,0.0,0.0,0.0,0.0,0.0,0.0,0.0,0.0,0.30000001192092896,3.46467924118042,26.495603561401367,3.46467924118042,0,1.5739669799804688,26.424789428710938,4.464885711669922,6.052696704864502,2.5431511402130127,34.297386169433594,26.49560546875,True,False
val,base,4000,4,0.9777470827102661,0.9333333373069763,0.6662062406539917,0.9777470827102661,0.9777470827102661,0.0,0.0,0.0,0.0,0.0,0.0,0.0,0.0,0.20000000298023224,4.617837429046631,19.845706939697266,4.617837429046631,0,11.080211639404297,16.408584594726562,0.5766208171844482,5.117424011230469,2.240464687347412,33.045555114746094,19.845706939697266,True,False
train,base,8496,0,0.9775974154472351,0.9333333373069763,0.6737403869628906,0.9782493710517883,0.9782493710517883,0.0006519260932691395,0.0006519260932691395,0.0,0.0,0.0,0.0,0.0,0.0,0.20000000298023224,4.549646854400635,18.274372100830078,4.549646854400635,0,-15.830469131469727,9.185340881347656,4.922857284545898,5.278064727783203,2.358747720718384,34.11170959472656,18.274372100830078,True,False
train,base,13639,0,0.9761431813240051,0.8999999761581421,0.761431872844696,0.9761431813240051,0.9761431813240051,0.0,0.0,0.0,0.0,0.0,0.0,0.0,0.0,0.30000001192092896,3.678452491760254,15.499397277832031,3.678452491760254,0,12.952728271484375,8.418678283691406,0.30199575424194336,4.689296722412109,2.1094918251037598,17.712574005126953,15.499397277832031,True,False
train,base,25176,7,0.9753414988517761,0.9666666388511658,0.26024526357650757,0.9753414988517761,0.9753414988517761,0.0,0.0,0.0,0.0,0.0,0.0,0.0,0.0,0.10000000149011612,6.2930192947387695,8.540489196777344,6.2930192947387695,0,3.2269630432128906,7.99774169921875,28.221193313598633,5.926473140716553,2.4690282344818115,21.105188369750977,8.540489196777344,True,False
train,base,14334,0,0.9736086130142212,0.9333333373069763,0.6041293144226074,0.9736086130142212,0.9736086130142212,0.0,0.0,0.0,0.0,0.0,0.0,0.0,0.0,0.20000000298023224,5.1232218742370605,12.20638370513916,5.1232218742370605,0,-11.873645782470703,-3.059734344482422,6.1640625,4.815499305725098,2.120284080505371,22.08392906188965,12.20638370513916,True,False
train,base,24334,4,0.9734847545623779,0.9333333373069763,0.602271556854248,0.9734847545623779,0.9734847545623779,0.0,0.0,0.0,0.0,0.0,0.0,0.0,0.0,0.20000000298023224,5.170122146606445,32.72777557373047,5.170122146606445,0,-28.471084594726562,16.764427185058594,6.03825569152832,5.771900177001953,2.452770233154297,50.8953742980957,32.7277717590332,True,False
val,base,16922,6,0.9733078479766846,0.8666666746139526,0.7998088598251343,0.9733078479766846,0.9733078479766846,0.0,0.0,0.0,0.0,0.0,0.0,0.0,0.0,0.4000000059604645,3.22979998588562,30.531213760375977,3.22979998588562,0,-2.980743408203125,30.411640167236328,0.2562849819660187,4.6727118492126465,2.088167428970337,23.314346313476562,30.531213760375977,True,False
val,base,28453,4,0.9731886386871338,0.8333333134651184,0.8391320109367371,0.9731886386871338,0.9731886386871338,0.0,0.0,0.0,0.0,0.0,0.0,0.0,0.0,0.5,2.696432113647461,21.70285987854004,2.696432113647461,0,-17.33562469482422,13.169513702392578,1.1477233171463013,4.555380344390869,2.086984872817993,9.332389831542969,21.70285987854004,True,False
train,base,1493,1,0.972789466381073,0.8666666746139526,0.7959209680557251,0.972789466381073,0.972789466381073,0.0,0.0,0.0,0.0,0.0,0.0,0.0,0.0,0.4000000059604645,3.2779736518859863,17.635101318359375,3.2779736518859863,0,8.074455261230469,15.611724853515625,0.21807479858398438,0.8546991944313049,0.8463127613067627,9.194474220275879,17.635103225708008,True,True
val,base,39682,2,0.9726594090461731,0.8999999761581421,0.7265942692756653,0.9726594090461731,0.9726594090461731,0.0,0.0,0.0,0.0,0.0,0.0,0.0,0.0,0.30000001192092896,4.045129299163818,17.97239112854004,4.045129299163818,0,-6.329410552978516,16.811622619628906,0.7754306793212891,4.391476154327393,1.9828283786773682,3.9719655513763428,17.97239112854004,True,False
train,base,19228,4,0.9724366664886475,0.9333333373069763,0.5865498781204224,0.9724366664886475,0.9724366664886475,0.0,0.0,0.0,0.0,0.0,0.0,0.0,0.0,0.20000000298023224,4.60191535949707,8.576484680175781,4.60191535949707,0,3.368450164794922,7.866886138916016,5.592735767364502,4.436875820159912,2.0476949214935303,23.444658279418945,8.576484680175781,True,False
train,base,37234,0,0.9723296165466309,0.9333333373069763,0.5849445462226868,0.9723296165466309,0.9723296165466309,0.0,0.0,0.0,0.0,0.0,0.0,0.0,0.0,0.20000000298023224,5.313790321350098,36.914695739746094,5.313790321350098,0,26.984230041503906,25.160659790039062,3.9566612243652344,4.623756408691406,2.043879747390747,19.71413230895996,36.914695739746094,True,False
train,base,36249,6,0.9717562794685364,0.9666666388511658,0.15268877148628235,0.9717562794685364,0.9717562794685364,0.0,0.0,0.0,0.0,0.0,0.0,0.0,0.0,0.10000000149011612,4.021090984344482,4.6928791999816895,4.021090984344482,0,-3.688587188720703,2.937389373779297,8.19571304321289,4.371988773345947,2.015702962875366,28.658470153808594,4.6928791999816895,True,False
train,base,18284,7,0.9713249802589417,0.8666666746139526,0.7849375009536743,0.9713249802589417,0.9713249802589417,0.0,0.0,0.0,0.0,0.0,0.0,0.0,0.0,0.4000000059604645,3.4106497764587402,33.964691162109375,3.4106497764587402,0,-16.57572364807129,29.643402099609375,0.8867393732070923,4.680074691772461,2.107635736465454,23.43671417236328,33.964691162109375,True,False
train,base,5470,2,0.9712116122245789,0.8333333134651184,0.8272696733474731,0.9712116122245789,0.9712116122245789,0.0,0.0,0.0,0.0,0.0,0.0,0.0,0.0,0.5,2.867201805114746,24.800382614135742,2.867201805114746,0,-3.107267379760742,24.594100952148438,1.9382129907608032,4.596585273742676,2.068873167037964,26.745872497558594,24.800384521484375,True,False
train,base,33875,6,0.9708375930786133,0.9333333373069763,0.5625640749931335,0.9708375930786133,0.9708375930786133,0.0,0.0,0.0,0.0,0.0,0.0,0.0,0.0,0.20000000298023224,5.329159259796143,10.64057731628418,5.329159259796143,0,-3.428956985473633,10.089588165283203,0.2442316710948944,4.333436965942383,2.014352321624756,21.09552764892578,10.64057731628418,True,False
train,base,23700,1,0.9705977439880371,0.9666666388511658,0.11793312430381775,0.9705977439880371,0.9705977439880371,0.0,0.0,0.0,0.0,0.0,0.0,0.0,0.0,0.10000000149011612,3.6056253910064697,3.8986308574676514,3.6056253910064697,0,-3.291963577270508,-2.1589317321777344,12.166573524475098,5.9392170906066895,2.4159317016601562,30.866945266723633,3.8986306190490723,True,False
train,base,24334,1,0.9703073501586914,0.9333333373069763,0.5546098947525024,0.9703073501586914,0.9703073501586914,0.0,0.0,0.0,0.0,0.0,0.0,0.0,0.0,0.20000000298023224,5.561370372772217,23.55216407775879,5.561370372772217,0,11.313777923583984,20.716567993164062,3.0103659629821777,5.353185176849365,2.334977865219116,42.77572250366211,23.552165985107422,True,False
train,base,2067,3,0.9702957272529602,0.8999999761581421,0.7029575109481812,0.9702957272529602,0.9702957272529602,0.0,0.0,0.0,0.0,0.0,0.0,0.0,0.0,0.30000001192092896,4.277010440826416,17.010608673095703,4.277010440826416,0,-0.5099658966064453,17.01966094970703,1.857828140258789,1.862322211265564,0.8589866161346436,14.86029052734375,17.010608673095703,True,True
train,base,36249,7,0.9700343012809753,0.9666666388511658,0.10102980583906174,0.9700343012809753,0.9700343012809753,0.0,0.0,0.0,0.0,0.0,0.0,0.0,0.0,0.10000000149011612,3.459651470184326,3.5533525943756104,3.459651470184326,0,-3.585803985595703,-0.03134727478027344,8.065874099731445,4.560108661651611,2.0414435863494873,31.153593063354492,3.5533525943756104,True,False
train,base,36249,2,0.9700279235839844,0.9666666388511658,0.10083821415901184,0.9700279235839844,0.9700279235839844,0.0,0.0,0.0,0.0,0.0,0.0,0.0,0.0,0.10000000149011612,3.565958261489868,3.6711528301239014,3.565958261489868,0,-3.6890697479248047,-0.3107585906982422,8.18907642364502,4.703252792358398,2.08475661277771,31.89186668395996,3.6711528301239014,True,False
val,base,2067,5,0.9699418544769287,0.9333333373069763,0.5491282343864441,0.9699418544769287,0.9699418544769287,0.0,0.0,0.0,0.0,0.0,0.0,0.0,0.0,0.20000000298023224,5.605616569519043,18.466005325317383,5.605616569519043,0,-18.56563949584961,0.0849761962890625,1.1945356130599976,1.005181074142456,0.8897906541824341,5.487695217132568,18.466005325317383,True,True
train,base,36249,0,0.9694527387619019,0.9666666388511658,0.08358318358659744,0.9694527387619019,0.9694527387619019,0.0,0.0,0.0,0.0,0.0,0.0,0.0,0.0,0.10000000149011612,3.4786760807037354,3.4786760807037354,3.5842111110687256,0,-3.502941131591797,-0.16393089294433594,8.610629081726074,5.284302711486816,2.3576810359954834,31.257957458496094,3.4786760807037354,True,False
val,base,22883,4,0.9692591428756714,0.9333333373069763,0.5388873815536499,0.9692591428756714,0.9692591428756714,0.0,0.0,0.0,0.0,0.0,0.0,0.0,0.0,0.20000000298023224,5.688266754150391,21.43689727783203,5.688266754150391,0,-1.3462696075439453,21.394573211669922,13.520450592041016,5.284049034118652,2.360215425491333,11.578548431396484,21.43689727783203,True,False
train,base,16321,4,0.9684377908706665,0.8999999761581421,0.6843777298927307,0.9684377908706665,0.9684377908706665,0.0,0.0,0.0,0.0,0.0,0.0,0.0,0.0,0.30000001192092896,4.432835578918457,12.231908798217773,4.432835578918457,0,3.9183425903320312,11.601638793945312,4.030732154846191,0.9341980814933777,0.8897162079811096,19.741329193115234,12.231908798217773,True,True
val,base,37340,3,0.96791011095047,0.8999999761581421,0.6791010499000549,0.96791011095047,0.96791011095047,0.0,0.0,0.0,0.0,0.0,0.0,0.0,0.0,0.30000001192092896,4.469310760498047,11.762798309326172,4.469310760498047,0,-11.755138397216797,-1.158212661743164,13.823503494262695,5.296924114227295,2.359804630279541,50.58287048339844,11.762798309326172,True,False
train,base,30667,3,0.9679020643234253,0.9666666388511658,0.03706273064017296,0.9679020643234253,0.9679020643234253,0.0,0.0,0.0,0.0,0.0,0.0,0.0,0.0,0.10000000149011612,5.553941249847412,6.238384246826172,6.590909004211426,0,2.6063919067382812,5.814544677734375,17.460508346557617,4.7870988845825195,2.1890034675598145,25.309913635253906,6.238384246826172,True,False
